ProductKey,ProductName,Brand,Color,UnitCostUSD,UnitPriceUSD,SubcategoryKey,Subcategory,CategoryKey,Category
1,Contoso 512MB MP3 Player E51 Silver,Contoso,Silver,6.62,12.99,101,MP4&MP3,1,Audio
2,Contoso 512MB MP3 Player E51 Blue,Contoso,Blue,6.62,12.99,101,MP4&MP3,1,Audio
3,Contoso 1G MP3 Player E100 White,Contoso,White,7.4,14.52,101,MP4&MP3,1,Audio
4,Contoso 2G MP3 Player E200 Silver,Contoso,Silver,11,21.57,101,MP4&MP3,1,Audio
5,Contoso 2G MP3 Player E200 Red,Contoso,Red,11,21.57,101,MP4&MP3,1,Audio
6,Contoso 2G MP3 Player E200 Black,Contoso,Black,11,21.57,101,MP4&MP3,1,Audio
7,Contoso 2G MP3 Player E200 Blue,Contoso,Blue,11,21.57,101,MP4&MP3,1,Audio
8,Contoso 4G MP3 Player E400 Silver,Contoso,Silver,30.58,59.99,101,MP4&MP3,1,Audio
9,Contoso 4G MP3 Player E400 Black,Contoso,Black,30.58,59.99,101,MP4&MP3,1,Audio
10,Contoso 4G MP3 Player E400 Green,Contoso,Green,30.58,59.99,101,MP4&MP3,1,Audio
11,Contoso 4G MP3 Player E400 Orange,Contoso,Orange,30.58,59.99,101,MP4&MP3,1,Audio
12,Contoso 4GB Flash MP3 Player E401 Blue,Contoso,Blue,35.72,77.68,101,MP4&MP3,1,Audio
13,Contoso 4GB Flash MP3 Player E401 Black,Contoso,Black,35.72,77.68,101,MP4&MP3,1,Audio
14,Contoso 4GB Flash MP3 Player E401 Silver,Contoso,Silver,35.72,77.68,101,MP4&MP3,1,Audio
15,Contoso 4GB Flash MP3 Player E401 White,Contoso,White,35.72,77.68,101,MP4&MP3,1,Audio
16,Contoso 8GB Super-Slim MP3/Video Player M800 White,Contoso,White,50.56,109.95,101,MP4&MP3,1,Audio
17,Contoso 8GB Super-Slim MP3/Video Player M800 Red,Contoso,Red,50.56,109.95,101,MP4&MP3,1,Audio
18,Contoso 8GB Super-Slim MP3/Video Player M800 Green,Contoso,Green,50.56,109.95,101,MP4&MP3,1,Audio
19,Contoso 8GB Super-Slim MP3/Video Player M800 Pink,Contoso,Pink,50.56,109.95,101,MP4&MP3,1,Audio
20,Contoso 8GB MP3 Player new model M820 Black,Contoso,Black,61.62,134,101,MP4&MP3,1,Audio
21,Contoso 8GB MP3 Player new model M820 Blue,Contoso,Blue,61.62,134,101,MP4&MP3,1,Audio
22,Contoso 8GB MP3 Player new model M820 Yellow,Contoso,Yellow,61.62,134,101,MP4&MP3,1,Audio
23,Contoso 8GB MP3 Player new model M820 White,Contoso,White,61.62,134,101,MP4&MP3,1,Audio
24,Contoso 16GB Mp5 Player M1600 Blue,Contoso,Blue,91.93,199.9,101,MP4&MP3,1,Audio
25,Contoso 16GB Mp5 Player M1600 Black,Contoso,Black,91.93,199.9,101,MP4&MP3,1,Audio
26,Contoso 16GB Mp5 Player M1600 Green,Contoso,Green,91.93,199.9,101,MP4&MP3,1,Audio
27,Contoso 16GB Mp5 Player M1600 White,Contoso,White,91.93,199.9,101,MP4&MP3,1,Audio
28,Contoso 16GB Mp5 Player M1600 Red,Contoso,Red,91.93,199.9,101,MP4&MP3,1,Audio
29,Contoso 32GB Video MP3 Player M3200 White,Contoso,White,84.49,255,101,MP4&MP3,1,Audio
30,Contoso 32GB Video MP3 Player M3200 Red,Contoso,Red,84.49,255,101,MP4&MP3,1,Audio
31,Contoso 32GB Video MP3 Player M3200 Orange,Contoso,Orange,84.49,255,101,MP4&MP3,1,Audio
32,Contoso 32GB Video MP3 Player M3200 Pink,Contoso,Pink,84.49,255,101,MP4&MP3,1,Audio
33,Contoso 32GB Video MP3 Player M3200 Black,Contoso,Black,84.49,255,101,MP4&MP3,1,Audio
34,Contoso 4GB Portable MP3 Player M450 Black,Contoso,Black,48.92,95.95,101,MP4&MP3,1,Audio
35,Contoso 4GB Portable MP3 Player M450 White,Contoso,White,48.92,95.95,101,MP4&MP3,1,Audio
36,Contoso 4GB Portable MP3 Player M450 Yellow,Contoso,Yellow,48.92,95.95,101,MP4&MP3,1,Audio
37,Contoso 8GB Clock & Radio MP3 Player X850 Silver,Contoso,Silver,99.14,299.23,101,MP4&MP3,1,Audio
38,Contoso 8GB Clock & Radio MP3 Player X850 Black,Contoso,Black,99.14,299.23,101,MP4&MP3,1,Audio
39,Contoso 8GB Clock & Radio MP3 Player X850 Green,Contoso,Green,99.14,299.23,101,MP4&MP3,1,Audio
40,Contoso 8GB Clock & Radio MP3 Player X850 Blue,Contoso,Blue,99.14,299.23,101,MP4&MP3,1,Audio
41,Contoso 16GB New Generation MP5 Player M1650 Silver,Contoso,Silver,106.69,232,101,MP4&MP3,1,Audio
42,Contoso 16GB New Generation MP5 Player M1650 White,Contoso,White,106.69,232,101,MP4&MP3,1,Audio
43,Contoso 16GB New Generation MP5 Player M1650 Black,Contoso,Black,106.69,232,101,MP4&MP3,1,Audio
44,Contoso 16GB New Generation MP5 Player M1650 blue,Contoso,Blue,106.69,232,101,MP4&MP3,1,Audio
45,Contoso 16GB New Generation MP5 Player M1650 Pink,Contoso,Pink,106.69,232,101,MP4&MP3,1,Audio
46,WWI 1GB Pulse Smart pen E50 White,Wide World Importers,White,76.45,149.95,104,Recording Pen,1,Audio
47,WWI 1GBPulse Smart pen E50 Black,Wide World Importers,Black,76.45,149.95,104,Recording Pen,1,Audio
48,WWI 1GB Pulse Smart pen E50 Silver,Wide World Importers,Silver,76.45,149.95,104,Recording Pen,1,Audio
49,WWI 2GB Pulse Smart pen M100 White,Wide World Importers,White,91.95,199.95,104,Recording Pen,1,Audio
50,WWI 2GB Pulse Smart pen M100 Black,Wide World Importers,Black,91.95,199.95,104,Recording Pen,1,Audio
51,WWI 2GB Pulse Smart pen M100 Blue,Wide World Importers,Blue,91.95,199.95,104,Recording Pen,1,Audio
52,WWI 2GB Pulse Smart pen M100 Silver,Wide World Importers,Silver,91.95,199.95,104,Recording Pen,1,Audio
53,WWI 4GB Video Recording Pen X200 Black,Wide World Importers,Black,98.07,296,104,Recording Pen,1,Audio
54,WWI 4GB Video Recording Pen X200 Red,Wide World Importers,Red,98.07,296,104,Recording Pen,1,Audio
55,WWI 4GB Video Recording Pen X200 Pink,Wide World Importers,Pink,98.07,296,104,Recording Pen,1,Audio
56,WWI 4GB Video Recording Pen X200 Yellow,Wide World Importers,Yellow,98.07,296,104,Recording Pen,1,Audio
57,WWI 1GB Digital Voice Recorder Pen E100 Black,Wide World Importers,Black,79.53,156,104,Recording Pen,1,Audio
58,WWI 1GB Digital Voice Recorder Pen E100 Red,Wide World Importers,Red,79.53,156,104,Recording Pen,1,Audio
59,WWI 1GB Digital Voice Recorder Pen E100 Pink,Wide World Importers,Pink,79.53,156,104,Recording Pen,1,Audio
60,WWI 1GB Digital Voice Recorder Pen E100 White,Wide World Importers,White,79.53,156,104,Recording Pen,1,Audio
61,WWI 2GB Spy Video Recorder Pen M300 Black,Wide World Importers,Black,83.24,181,104,Recording Pen,1,Audio
62,WWI 2GB Spy Video Recorder Pen M300 White,Wide World Importers,White,83.24,181,104,Recording Pen,1,Audio
63,WWI 2GB Spy Video Recorder Pen M300 Blue,Wide World Importers,Blue,83.24,181,104,Recording Pen,1,Audio
64,WWI 2GB Spy Video Recorder Pen M300 Silver,Wide World Importers,Silver,83.24,181,104,Recording Pen,1,Audio
65,WWI 2GB Spy Video Recorder Pen M300 Purple,Wide World Importers,Purple,83.24,181,104,Recording Pen,1,Audio
66,NT Bluetooth Stereo Headphones E52 Blue,Northwind Traders,Blue,13.1,25.69,106,Bluetooth Headphones,1,Audio
67,NT Bluetooth Stereo Headphones E52 Black,Northwind Traders,Black,13.1,25.69,106,Bluetooth Headphones,1,Audio
68,NT Bluetooth Stereo Headphones E52 Yellow,Northwind Traders,Yellow,13.1,25.69,106,Bluetooth Headphones,1,Audio
69,NT Bluetooth Stereo Headphones E52 Pink,Northwind Traders,Pink,13.1,25.69,106,Bluetooth Headphones,1,Audio
70,NT Wireless Bluetooth Stereo Headphones E102 Silver,Northwind Traders,Silver,22.05,47.95,106,Bluetooth Headphones,1,Audio
71,NT Wireless Bluetooth Stereo Headphones E102 Black,Northwind Traders,Black,22.05,47.95,106,Bluetooth Headphones,1,Audio
72,NT Wireless Bluetooth Stereo Headphones E102 Blue,Northwind Traders,Blue,22.05,47.95,106,Bluetooth Headphones,1,Audio
73,NT Wireless Bluetooth Stereo Headphones E102 White,Northwind Traders,White,22.05,47.95,106,Bluetooth Headphones,1,Audio
74,NT Bluetooth Active Headphones E202 Black,Northwind Traders,Black,17.45,37.95,106,Bluetooth Headphones,1,Audio
75,NT Bluetooth Active Headphones E202 White,Northwind Traders,White,17.45,37.95,106,Bluetooth Headphones,1,Audio
76,NT Bluetooth Active Headphones E202 Red,Northwind Traders,Red,17.45,37.95,106,Bluetooth Headphones,1,Audio
77,NT Bluetooth Active Headphones E202 Silver,Northwind Traders,Silver,17.45,37.95,106,Bluetooth Headphones,1,Audio
78,NT Wireless Bluetooth Stereo Headphones E302 Silver,Northwind Traders,Silver,18.65,40.55,106,Bluetooth Headphones,1,Audio
79,NT Wireless Bluetooth Stereo Headphones E302 White,Northwind Traders,White,18.65,40.55,106,Bluetooth Headphones,1,Audio
80,NT Wireless Bluetooth Stereo Headphones E302 Yellow,Northwind Traders,Yellow,18.65,40.55,106,Bluetooth Headphones,1,Audio
81,NT Wireless Bluetooth Stereo Headphones E302 Black,Northwind Traders,Black,18.65,40.55,106,Bluetooth Headphones,1,Audio
82,NT Wireless Bluetooth Stereo Headphones E302 Pink,Northwind Traders,Pink,18.65,40.55,106,Bluetooth Headphones,1,Audio
83,NT Wireless Bluetooth Stereo Headphones M402 Silver,Northwind Traders,Silver,45.98,99.99,106,Bluetooth Headphones,1,Audio
84,NT Wireless Bluetooth Stereo Headphones M402 Red,Northwind Traders,Red,45.98,99.99,106,Bluetooth Headphones,1,Audio
85,NT Wireless Bluetooth Stereo Headphones M402 Green,Northwind Traders,Green,45.98,99.99,106,Bluetooth Headphones,1,Audio
86,NT Wireless Bluetooth Stereo Headphones M402 Black,Northwind Traders,Black,45.98,99.99,106,Bluetooth Headphones,1,Audio
87,NT Wireless Bluetooth Stereo Headphones M402 Purple,Northwind Traders,Purple,45.98,99.99,106,Bluetooth Headphones,1,Audio
88,NT Wireless Transmitter and Bluetooth Headphones M150 Black,Northwind Traders,Black,49.69,149.99,106,Bluetooth Headphones,1,Audio
89,NT Wireless Transmitter and Bluetooth Headphones M150 Blue,Northwind Traders,Blue,49.69,149.99,106,Bluetooth Headphones,1,Audio
90,NT Wireless Transmitter and Bluetooth Headphones M150 Silver,Northwind Traders,Silver,49.69,149.99,106,Bluetooth Headphones,1,Audio
91,NT Wireless Transmitter and Bluetooth Headphones M150 Green,Northwind Traders,Green,49.69,149.99,106,Bluetooth Headphones,1,Audio
92,NT Wireless Transmitter and Bluetooth Headphones M150 Red,Northwind Traders,Red,49.69,149.99,106,Bluetooth Headphones,1,Audio
93,WWI Stereo Bluetooth Headphones E1000 Blue,Wide World Importers,Blue,34.36,67.4,106,Bluetooth Headphones,1,Audio
94,WWI Stereo Bluetooth Headphones E1000 Black,Wide World Importers,Black,34.36,67.4,106,Bluetooth Headphones,1,Audio
95,WWI Stereo Bluetooth Headphones E1000 Silver,Wide World Importers,Silver,34.36,67.4,106,Bluetooth Headphones,1,Audio
96,WWI Stereo Bluetooth Headphones E1000 White,Wide World Importers,White,34.36,67.4,106,Bluetooth Headphones,1,Audio
97,WWI Stereo Bluetooth Headphones E1000 Green,Wide World Importers,Green,34.36,67.4,106,Bluetooth Headphones,1,Audio
98,WWI Wireless Bluetooth Stereo Headphones M170 Silver,Wide World Importers,Silver,55.18,120,106,Bluetooth Headphones,1,Audio
99,WWI Wireless Bluetooth Stereo Headphones M170 Black,Wide World Importers,Black,55.18,120,106,Bluetooth Headphones,1,Audio
100,WWI Wireless Bluetooth Stereo Headphones M170 White,Wide World Importers,White,55.18,120,106,Bluetooth Headphones,1,Audio
101,WWI Wireless Bluetooth Stereo Headphones M170 Pink,Wide World Importers,Pink,55.18,120,106,Bluetooth Headphones,1,Audio
102,WWI Wireless Bluetooth Stereo Headphones M270 Silver,Wide World Importers,Silver,52.88,115,106,Bluetooth Headphones,1,Audio
103,WWI Wireless Bluetooth Stereo Headphones M270 Black,Wide World Importers,Black,52.88,115,106,Bluetooth Headphones,1,Audio
104,WWI Wireless Bluetooth Stereo Headphones M270 White,Wide World Importers,White,52.88,115,106,Bluetooth Headphones,1,Audio
105,WWI Wireless Bluetooth Stereo Headphones M270 Pink,Wide World Importers,Pink,52.88,115,106,Bluetooth Headphones,1,Audio
106,WWI Stereo Bluetooth Headphones New Generation M370 Black,Wide World Importers,Black,61.16,132.99,106,Bluetooth Headphones,1,Audio
107,WWI Stereo Bluetooth Headphones New Generation M370 White,Wide World Importers,White,61.16,132.99,106,Bluetooth Headphones,1,Audio
108,WWI Stereo Bluetooth Headphones New Generation M370 Yellow,Wide World Importers,Yellow,61.16,132.99,106,Bluetooth Headphones,1,Audio
109,WWI Stereo Bluetooth Headphones New Generation M370 Orange,Wide World Importers,Orange,61.16,132.99,106,Bluetooth Headphones,1,Audio
110,WWI Stereo Bluetooth Headphones New Generation M370 Blue,Wide World Importers,Blue,61.16,132.99,106,Bluetooth Headphones,1,Audio
111,WWI Wireless Transmitter and Bluetooth Headphones X250 Black,Wide World Importers,Black,82.83,249.99,106,Bluetooth Headphones,1,Audio
112,WWI Wireless Transmitter and Bluetooth Headphones X250 Blue,Wide World Importers,Blue,82.83,249.99,106,Bluetooth Headphones,1,Audio
113,WWI Wireless Transmitter and Bluetooth Headphones X250 White,Wide World Importers,White,82.83,249.99,106,Bluetooth Headphones,1,Audio
114,WWI Wireless Transmitter and Bluetooth Headphones X250 Red,Wide World Importers,Red,82.83,249.99,106,Bluetooth Headphones,1,Audio
115,WWI Wireless Transmitter and Bluetooth Headphones X250 Silver,Wide World Importers,Silver,82.83,249.99,106,Bluetooth Headphones,1,Audio
116,"Adventure Works 20"" CRT TV E15 Silver",Adventure Works,Silver,86.67,169.99,201,Televisions,2,TV and Video
117,"Adventure Works 20"" CRT TV E15 Black",Adventure Works,Black,86.67,169.99,201,Televisions,2,TV and Video
118,"Adventure Works 20"" CRT TV E15 White",Adventure Works,White,86.67,169.99,201,Televisions,2,TV and Video
119,"Adventure Works 13"" Color TV E25 Silver",Adventure Works,Silver,61.17,119.99,201,Televisions,2,TV and Video
120,"Adventure Works 13"" Color TV E25 Black",Adventure Works,Black,61.17,119.99,201,Televisions,2,TV and Video
121,"Adventure Works 13"" Color TV E25 White",Adventure Works,White,61.17,119.99,201,Televisions,2,TV and Video
122,"Adventure Works 19"" Portable LCD HDTV M110 Silver",Adventure Works,Silver,128.76,279.99,201,Televisions,2,TV and Video
123,"Adventure Works 19"" Portable LCD HDTV M110 Black",Adventure Works,Black,128.76,279.99,201,Televisions,2,TV and Video
124,"Adventure Works 19"" Portable LCD HDTV M110 White",Adventure Works,White,128.76,279.99,201,Televisions,2,TV and Video
125,"Adventure Works 19"" Color Digital TV E35 Silver",Adventure Works,Silver,73.11,143.4,201,Televisions,2,TV and Video
126,"Adventure Works 19"" Color Digital TV E35 Black",Adventure Works,Black,73.11,143.4,201,Televisions,2,TV and Video
127,"Adventure Works 19"" Color Digital TV E35 White",Adventure Works,White,73.11,143.4,201,Televisions,2,TV and Video
128,"Adventure Works 19"" Color Digital TV E35 Brown",Adventure Works,Brown,73.11,143.4,201,Televisions,2,TV and Video
129,"Adventure Works 20"" Analog CRT TV E45 Silver",Adventure Works,Silver,101.97,200,201,Televisions,2,TV and Video
130,"Adventure Works 20"" Analog CRT TV E45 Black",Adventure Works,Black,101.97,200,201,Televisions,2,TV and Video
131,"Adventure Works 20"" Analog CRT TV E45 White",Adventure Works,White,101.97,200,201,Televisions,2,TV and Video
132,"Adventure Works 20"" Analog CRT TV E45 Brown",Adventure Works,Brown,101.97,200,201,Televisions,2,TV and Video
133,"Adventure Works 20"" LCD HDTV M120 Silver",Adventure Works,Silver,160.93,349.95,201,Televisions,2,TV and Video
134,"Adventure Works 20"" LCD HDTV M120 Black",Adventure Works,Black,160.93,349.95,201,Televisions,2,TV and Video
135,"Adventure Works 20"" LCD HDTV M120 White",Adventure Works,White,160.93,349.95,201,Televisions,2,TV and Video
136,"Adventure Works 20"" LCD HDTV M120 Brown",Adventure Works,Brown,160.93,349.95,201,Televisions,2,TV and Video
137,"Adventure Works 32"" LCD HDTV M130 Silver",Adventure Works,Silver,229.93,499.99,201,Televisions,2,TV and Video
138,"Adventure Works 32"" LCD HDTV M130 Black",Adventure Works,Black,229.93,499.99,201,Televisions,2,TV and Video
139,"Adventure Works 32"" LCD HDTV M130 White",Adventure Works,White,229.93,499.99,201,Televisions,2,TV and Video
140,"Adventure Works 32"" LCD HDTV M130 Brown",Adventure Works,Brown,229.93,499.99,201,Televisions,2,TV and Video
141,"Adventure Works 15.6"" LCD TV M130W Silver",Adventure Works,Silver,152.94,299.99,201,Televisions,2,TV and Video
142,"Adventure Works 15.6"" LCD TV M130W Black",Adventure Works,Black,152.94,299.99,201,Televisions,2,TV and Video
143,"Adventure Works 15.6"" LCD TV M130W White",Adventure Works,White,152.94,299.99,201,Televisions,2,TV and Video
144,"Adventure Works 15.6"" LCD TV M130W Brown",Adventure Works,Brown,152.94,299.99,201,Televisions,2,TV and Video
145,"Adventure Works 52"" LCD HDTV X590 Silver",Adventure Works,Silver,960.82,2899.99,201,Televisions,2,TV and Video
146,"Adventure Works 52"" LCD HDTV X590 Black",Adventure Works,Black,960.82,2899.99,201,Televisions,2,TV and Video
147,"Adventure Works 52"" LCD HDTV X590 White",Adventure Works,White,960.82,2899.99,201,Televisions,2,TV and Video
148,"Adventure Works 52"" LCD HDTV X590 Brown",Adventure Works,Brown,960.82,2899.99,201,Televisions,2,TV and Video
149,"Adventure Works 40"" LCD HDTV M690 Silver",Adventure Works,Silver,392.6,2899.99,201,Televisions,2,TV and Video
150,"Adventure Works 40"" LCD HDTV M690 Black",Adventure Works,Black,392.6,2899.99,201,Televisions,2,TV and Video
151,"Adventure Works 40"" LCD HDTV M690 White",Adventure Works,White,392.6,2899.99,201,Televisions,2,TV and Video
152,"Adventure Works 40"" LCD HDTV M690 Brown",Adventure Works,Brown,392.6,2899.99,201,Televisions,2,TV and Video
153,"Adventure Works 26"" 720p LCD HDTV M140 Silver",Adventure Works,Silver,216.12,2899.99,201,Televisions,2,TV and Video
154,"Adventure Works 26"" 720p LCD HDTV M140 Black",Adventure Works,Black,216.12,2899.99,201,Televisions,2,TV and Video
155,"Adventure Works 26"" 720p LCD HDTV M140 White",Adventure Works,White,216.12,2899.99,201,Televisions,2,TV and Video
156,"Adventure Works 26"" 720p LCD HDTV M140 Brown",Adventure Works,Brown,216.12,2899.99,201,Televisions,2,TV and Video
157,"Adventure Works 37"" 1080p LCD HDTV M150W Silver",Adventure Works,Silver,505.85,2899.99,201,Televisions,2,TV and Video
158,"Adventure Works 37"" 1080p LCD HDTV M150W Black",Adventure Works,Black,505.85,2899.99,201,Televisions,2,TV and Video
159,"Adventure Works 37"" 1080p LCD HDTV M150W White",Adventure Works,White,505.85,2899.99,201,Televisions,2,TV and Video
160,"Adventure Works 37"" 1080p LCD HDTV M150W Brown",Adventure Works,Brown,505.85,1099.99,201,Televisions,2,TV and Video
161,"Adventure Works 52"" LCD HDTV X790W Silver",Adventure Works,Silver,527.53,1592.2,201,Televisions,2,TV and Video
162,"Adventure Works 52"" LCD HDTV X790W Black",Adventure Works,Black,527.53,1592.2,201,Televisions,2,TV and Video
163,"Adventure Works 52"" LCD HDTV X790W White",Adventure Works,White,527.53,1592.2,201,Televisions,2,TV and Video
164,"Adventure Works 52"" LCD HDTV X790W Brown",Adventure Works,Brown,527.53,1592.2,201,Televisions,2,TV and Video
165,"Adventure Works 42"" LCD HDTV M55 Black",Adventure Works,Black,389.26,763.51,201,Televisions,2,TV and Video
166,SV 16xDVD M300 Black,Southridge Video,Black,54.72,119,202,VCD & DVD,2,TV and Video
167,SV 8xDVD E100 Black,Southridge Video,Black,35.18,69,202,VCD & DVD,2,TV and Video
168,SV 16xDVD M310 Black,Southridge Video,Black,59.32,129,202,VCD & DVD,2,TV and Video
169,SV 16xDVD M320 Black,Southridge Video,Black,54.72,119,202,VCD & DVD,2,TV and Video
170,SV 16xDVD M330 Black,Southridge Video,Black,50.13,109,202,VCD & DVD,2,TV and Video
171,SV 16xDVD E340 Black,Southridge Video,Black,45.53,99,202,VCD & DVD,2,TV and Video
172,SV 22xDVD X680 Black,Southridge Video,Black,55.99,169,202,VCD & DVD,2,TV and Video
173,SV 8xDVD E120 Black,Southridge Video,Black,45.83,89.9,202,VCD & DVD,2,TV and Video
174,SV 22xDVD M600 Black,Southridge Video,Black,43.04,129.9,202,VCD & DVD,2,TV and Video
175,SV 16xDVD M350 Black,Southridge Video,Black,53.76,116.9,202,VCD & DVD,2,TV and Video
176,SV 16xDVD M360 Black,Southridge Video,Black,58.36,126.9,202,VCD & DVD,2,TV and Video
177,SV 8xDVD E130 Black,Southridge Video,Black,29.01,56.9,202,VCD & DVD,2,TV and Video
178,SV 8xDVD E140 Black,Southridge Video,Black,33.65,66,202,VCD & DVD,2,TV and Video
179,SV 16xDVD M300 Silver,Southridge Video,Silver,54.72,119,202,VCD & DVD,2,TV and Video
180,SV 8xDVD E100 Silver,Southridge Video,Silver,35.18,69,202,VCD & DVD,2,TV and Video
181,SV 16xDVD M310 Silver,Southridge Video,Silver,59.32,129,202,VCD & DVD,2,TV and Video
182,SV 16xDVD M320 Silver,Southridge Video,Silver,54.72,119,202,VCD & DVD,2,TV and Video
183,SV 16xDVD M330 Silver,Southridge Video,Silver,50.13,109,202,VCD & DVD,2,TV and Video
184,SV 16xDVD E340 Silver,Southridge Video,Silver,45.53,99,202,VCD & DVD,2,TV and Video
185,SV 22xDVD X680 Silver,Southridge Video,Silver,55.99,169,202,VCD & DVD,2,TV and Video
186,SV 8xDVD E120 Silver,Southridge Video,Silver,45.83,89.9,202,VCD & DVD,2,TV and Video
187,SV 22xDVD M600 Silver,Southridge Video,Silver,43.04,129.9,202,VCD & DVD,2,TV and Video
188,SV 16xDVD M350 Silver,Southridge Video,Silver,53.76,116.9,202,VCD & DVD,2,TV and Video
189,SV 16xDVD M360 Silver,Southridge Video,Silver,58.36,126.9,202,VCD & DVD,2,TV and Video
190,SV 8xDVD E130 Silver,Southridge Video,Silver,29.01,56.9,202,VCD & DVD,2,TV and Video
191,SV 8xDVD E140 Silver,Southridge Video,Silver,33.65,66,202,VCD & DVD,2,TV and Video
192,Litware Home Theater System 4.1 Channel M410 Black,Litware,Black,275.46,599,203,Home Theater System,2,TV and Video
193,Litware Home Theater System 5.1 Channel M511 Black,Litware,Black,321.44,699,203,Home Theater System,2,TV and Video
194,Litware Home Theater System 2.1 Channel E210 Black,Litware,Black,152.44,299,203,Home Theater System,2,TV and Video
195,Litware Home Theater System 5.1 Channel M510 Black,Litware,Black,293.85,639,203,Home Theater System,2,TV and Video
196,Litware Home Theater System 2.1 Channel E211 Black,Litware,Black,137.6,269.9,203,Home Theater System,2,TV and Video
197,Litware Home Theater System 2.1 Channel E212 Black,Litware,Black,152.9,299.9,203,Home Theater System,2,TV and Video
198,Litware Home Theater System 4.1 Channel M411 Black,Litware,Black,275.46,599,203,Home Theater System,2,TV and Video
199,Litware Home Theater System 4.1 Channel M412 Black,Litware,Black,261.66,569,203,Home Theater System,2,TV and Video
200,Litware Home Theater System 4.1 Channel M413 Black,Litware,Black,252.47,549,203,Home Theater System,2,TV and Video
