CustomerKey,Gender,Name,City,State Code,State,Zip Code,Country,Continent,Birthday
301,Female,Lilly Harding,WANDEARAH EAST,SA,South Australia,5523,Australia,Australia,07-03-1939
325,Female,Madison Hull,MOUNT BUDD,WA,Western Australia,6522,Australia,Australia,9/27/1979
554,Female,Claire Ferres,WINJALLOK,VIC,Victoria,3380,Australia,Australia,5/26/1947
786,Male,Jai Poltpalingada,MIDDLE RIVER,SA,South Australia,5223,Australia,Australia,9/17/1957
1042,Male,Aidan Pankhurst,TAWONGA SOUTH,VIC,Victoria,3698,Australia,Australia,11/19/1965
1086,Male,Hayden Clegg,TEMPLERS,SA,South Australia,5371,Australia,Australia,1/20/1954
1133,Male,Nicholas Caffyn,JUBILEE POCKET,QLD,Queensland,4802,Australia,Australia,11/22/1969
1256,Male,Lincoln Jenks,KULLOGUM,QLD,Queensland,4660,Australia,Australia,03-12-1950
1314,Male,Isaac Israel,EDITH RIVER,NT,Northern Territory,852,Australia,Australia,12/21/1965
1568,Male,Luke Virtue,KOTTA,VIC,Victoria,3565,Australia,Australia,7/25/1975
1585,Female,Anna Hallstrom,GREEN LAKE,VIC,Victoria,3401,Australia,Australia,08-12-1990
1626,Female,Mary Leach,NEDS CORNER,VIC,Victoria,3496,Australia,Australia,10/17/1985
1642,Female,Ruby Ambrose,TARLO,NSW,New South Wales,2580,Australia,Australia,03-03-1965
1677,Male,Dean Innes,ELLESMERE,QLD,Queensland,4610,Australia,Australia,11/22/1964
1817,Female,Laura Le Rennetel,BEAUCHAMP,VIC,Victoria,3579,Australia,Australia,07-10-1986
1863,Female,Chelsea Watkins,NAMBOUR DC,QLD,Queensland,4560,Australia,Australia,9/22/1984
1945,Male,Angus Beaurepaire,GREENFIELDS,WA,Western Australia,6210,Australia,Australia,9/20/1974
2238,Female,Isabelle Cochran,BRUCKNELL,VIC,Victoria,3268,Australia,Australia,10/31/1969
2248,Male,Rory Spargo,JUNG,VIC,Victoria,3401,Australia,Australia,12/15/1987
2435,Female,Lilian Hall,BLAKEBROOK,NSW,New South Wales,2480,Australia,Australia,04-01-1968
2469,Female,Phoebe Kneeshaw,BIDWILL,QLD,Queensland,4650,Australia,Australia,5/20/1948
2512,Female,Matilda Hake,BUNKERS HILL,VIC,Victoria,3352,Australia,Australia,11/13/1992
2604,Female,Claudia Davison,KUBIN VILLAGE,QLD,Queensland,4875,Australia,Australia,04-08-1995
2751,Male,Nate Lowes,CALLIDE,QLD,Queensland,4715,Australia,Australia,8/20/1979
2792,Male,Zachary Perkin,BAMGANIE,VIC,Victoria,3333,Australia,Australia,8/25/1976
2836,Male,Nicholas Shand,GORDONBROOK,QLD,Queensland,4610,Australia,Australia,2/23/1959
3002,Male,Joshua Aronson,SMITHTON,TAS,Tasmania,7330,Australia,Australia,11-08-2000
3006,Female,Alica Stuckey,HARTLEY,NSW,New South Wales,2790,Australia,Australia,1/13/1943
3203,Male,Aidan Kane,ARGENTON,NSW,New South Wales,2284,Australia,Australia,8/18/1998
3270,Male,Hunter Templeton,CENTRAL TILBA,NSW,New South Wales,2546,Australia,Australia,05-02-1948
3327,Female,Alannah Le Messurier,KONONGWOOTONG,VIC,Victoria,3315,Australia,Australia,4/28/1948
3410,Male,Will Armitage,BOLLON,QLD,Queensland,4488,Australia,Australia,05-12-1950
3575,Male,Noah McFarland,HOPPERS CROSSING,VIC,Victoria,3029,Australia,Australia,03-04-1942
3964,Female,Rose Code,DIXIE,VIC,Victoria,3265,Australia,Australia,2/16/1944
4004,Female,Piper Wrixon,WYALLA PLAZA,QLD,Queensland,4350,Australia,Australia,6/24/1995
4174,Female,Rebecca Yelverton,OCEAN REEF,WA,Western Australia,6027,Australia,Australia,10-05-1990
4633,Female,Victoria Brown,KEYSLAND,QLD,Queensland,4612,Australia,Australia,01-08-1964
4734,Male,Justin Felan,PARMELIA,WA,Western Australia,6167,Australia,Australia,2/13/1946
4808,Male,Jamie Evenden,HAYWARDS BAY,NSW,New South Wales,2530,Australia,Australia,6/28/1944
4811,Male,Brayden Bulcock,WIDGIEMOOLTHA,WA,Western Australia,6443,Australia,Australia,12/21/1994
5097,Female,Bella Foley,Mount Pleasant,QLD,Queensland,4740,Australia,Australia,11/13/1942
5445,Male,Jake Clibborn,REEFTON,VIC,Victoria,3799,Australia,Australia,09-10-1952
5962,Male,Aiden Dugdale,SWAN BAY,NSW,New South Wales,2324,Australia,Australia,11/17/1938
6193,Female,Lara Cassidy,REGENCY PARK,SA,South Australia,5010,Australia,Australia,12/27/1945
6242,Male,Cody Grosse,KOOMBERKINE,WA,Western Australia,6461,Australia,Australia,02-10-1964
6258,Male,Zac Hull,SANDFORD,VIC,Victoria,3312,Australia,Australia,07-03-1976
6308,Male,Taj Sexton,KOOREH,VIC,Victoria,3478,Australia,Australia,2/15/2001
6459,Male,Mitchell Leigh,KEILOR DOWNS,VIC,Victoria,3038,Australia,Australia,5/24/1942
6794,Female,Abby Hyam,CALDER,TAS,Tasmania,7325,Australia,Australia,02-06-1971
7109,Male,Hamish Bolton,LANKEYS CREEK,NSW,New South Wales,2644,Australia,Australia,11/15/1979
7122,Female,Lara Virtue,HIGGINSVILLE,WA,Western Australia,6443,Australia,Australia,8/13/1999
7313,Female,Chelsea Keast,KANMANTOO,SA,South Australia,5252,Australia,Australia,1/26/1990
7398,Male,Jonathan Thorpe,COOEE BAY,QLD,Queensland,4703,Australia,Australia,06-10-1945
7493,Male,Declan Torrens,NOORINDOO,QLD,Queensland,4417,Australia,Australia,7/20/1978
7494,Male,Ben Coventry,HYDE PARK,QLD,Queensland,4812,Australia,Australia,04-02-1967
7566,Male,William Prenzel,KILLARA,VIC,Victoria,3691,Australia,Australia,07-01-1993
7664,Male,Riley Gaffney,CANOWIE,SA,South Australia,5419,Australia,Australia,3/18/1947
7700,Male,Lucas Keenan,STANWELL TOPS,NSW,New South Wales,2508,Australia,Australia,1/27/1975
7725,Female,Anna Prerauer,CURRIMUNDI,QLD,Queensland,4551,Australia,Australia,01-06-1968
7783,Female,Charli Gullett,MOUNT WALLACE,VIC,Victoria,3342,Australia,Australia,8/13/1961
8098,Female,Alana Belt,SOUTH GREENOUGH,WA,Western Australia,6528,Australia,Australia,1/26/1967
8181,Female,Amelie Nairn,DARTMOUTH,VIC,Victoria,3701,Australia,Australia,07-08-1985
8220,Male,David Blanch,Vista,SA,South Australia,5091,Australia,Australia,7/29/1945
8789,Female,Layla Mackellar,KALKARINDJI,NT,Northern Territory,852,Australia,Australia,7/13/1999
8794,Female,Abbey Lempriere,BOULDER CREEK,QLD,Queensland,4714,Australia,Australia,11-02-1962
8945,Female,Summer MacMahon,WARUMBUL,NSW,New South Wales,2229,Australia,Australia,6/28/1939
9167,Male,Luke Bushby,PARACOMBE,SA,South Australia,5132,Australia,Australia,12-02-1975
9184,Male,Sam Zimpel,CORUNNUN,VIC,Victoria,3249,Australia,Australia,11/24/1964
9360,Male,Mitchell Adam,MOPARRABAH,NSW,New South Wales,2440,Australia,Australia,1/30/1955
9370,Female,Ruby Lock,Cook,ACT,Australian Capital Territory,2614,Australia,Australia,5/26/1953
9389,Female,Eliza Brophy,YEARINAN,NSW,New South Wales,2357,Australia,Australia,04-08-1956
9456,Male,Ryder Abdullah,CLAREDALE,QLD,Queensland,4807,Australia,Australia,5/21/1941
9812,Female,Kaitlyn Morshead,MINJARY,NSW,New South Wales,2720,Australia,Australia,1/23/1953
9915,Female,Ebony Buxton,SEPPINGS,WA,Western Australia,6330,Australia,Australia,11-10-1991
10039,Female,Brianna Hann,NIKENBAH,QLD,Queensland,4655,Australia,Australia,10/22/1947
10189,Female,Alexis Birchell,FOREST REEFS,NSW,New South Wales,2798,Australia,Australia,04-07-1962
10276,Male,Angus Bardolph,BATEAU BAY,NSW,New South Wales,2261,Australia,Australia,11-01-1972
10299,Male,Anthony Macvitie,BEELBANGERA,NSW,New South Wales,2680,Australia,Australia,5/27/1937
10332,Male,James Burnage,Palmyra,WA,Western Australia,6157,Australia,Australia,3/26/1937
10393,Male,Nicholas Moncrieff,ROSENTHAL HEIGHTS,QLD,Queensland,4370,Australia,Australia,11/29/1981
10395,Male,Cameron Dillon,STRATHERNE,WA,Western Australia,6309,Australia,Australia,2/25/1996
10481,Female,Piper Maudsley,CELLS RIVER,NSW,New South Wales,2324,Australia,Australia,4/17/1977
10504,Male,Daniel Rusconi,SOUTH DATATINE,WA,Western Australia,6317,Australia,Australia,10/22/1980
10717,Male,Harrison Ingram,MAYA,WA,Western Australia,6614,Australia,Australia,6/16/1981
11035,Female,Makayla Meldrum,KINGS FOREST,NSW,New South Wales,2487,Australia,Australia,12-08-1939
11090,Female,Scarlett Scollen,SILVERWATER,NSW,New South Wales,2128,Australia,Australia,1/20/1953
11587,Male,Andrew Fenbury,York,WA,Western Australia,6302,Australia,Australia,11-09-1977
11736,Female,Summer Brownrigg,YARRABILBA,QLD,Queensland,4207,Australia,Australia,1/22/1991
12084,Male,Toby Chauvel,GALGA,SA,South Australia,5308,Australia,Australia,7/20/1958
12160,Male,Jett Creal,Oakhurst,NSW,New South Wales,2761,Australia,Australia,09-05-1956
12162,Female,Eva Lavarack,WHITTINGTON,VIC,Victoria,3219,Australia,Australia,7/30/1954
12207,Male,Aiden Jull,OGMORE,QLD,Queensland,4706,Australia,Australia,11/30/1955
12256,Female,Lilly Lynn,ROTHBURY,NSW,New South Wales,2320,Australia,Australia,03-07-1991
12365,Female,Natalie Lyon,STEEPLE FLAT,NSW,New South Wales,2631,Australia,Australia,04-06-1958
12385,Female,Lily Gribble,OVERLAND CORNER,SA,South Australia,5330,Australia,Australia,06-10-1981
12392,Female,Laura Waterhouse,GREENHILL,SA,South Australia,5140,Australia,Australia,03-08-1957
12649,Female,Rose Raven,NOBLE PARK NORTH,VIC,Victoria,3174,Australia,Australia,12-11-1965
12729,Male,Xavier Sturdee,STANNUM,NSW,New South Wales,2371,Australia,Australia,10/14/1937
12810,Male,Patrick Newbigin,Deer Park,VIC,Victoria,3023,Australia,Australia,6/24/1957
12859,Male,Koby Rayment,NABAWA,WA,Western Australia,6532,Australia,Australia,4/29/1942
12868,Male,Nathan Greville,MALLALA,SA,South Australia,5502,Australia,Australia,03-12-1961
13045,Female,Abbey Storkey,BLUE MOUNTAIN HEIGHTS,QLD,Queensland,4350,Australia,Australia,10/19/1957
13071,Female,Claudia Fuller,CUBALLING,WA,Western Australia,6311,Australia,Australia,6/28/1973
13232,Female,Maya Coates,UNLEY BC,SA,South Australia,5061,Australia,Australia,08-12-1985
13365,Male,Mitchell Cutlack,MOONEM,NSW,New South Wales,2471,Australia,Australia,01-02-1961
13607,Female,Gemma Maum,MAMBRAY CREEK,SA,South Australia,5495,Australia,Australia,9/21/1954
14069,Male,Jacob Gairdner,ROB ROY,NSW,New South Wales,2360,Australia,Australia,5/24/1949
14180,Female,Ava Lockyer,KALGOORLIE,WA,Western Australia,6430,Australia,Australia,5/14/1998
14275,Female,Dakota Dunshea,BENTLEY,NSW,New South Wales,2480,Australia,Australia,05-02-1979
14906,Female,Grace Houghton,BOYER,TAS,Tasmania,7140,Australia,Australia,11/16/1982
14962,Female,Mackenzie Newell,Crestwood,NSW,New South Wales,2153,Australia,Australia,04-05-1936
14988,Female,Emily Thirkell,WYNDHAM VALE,VIC,Victoria,3024,Australia,Australia,7/24/1958
15109,Female,Sara Marsden,WHALE BEACH,NSW,New South Wales,2107,Australia,Australia,8/18/1999
15385,Male,Harry Morgans,DOONGIN,WA,Western Australia,6409,Australia,Australia,05-11-1995
15391,Female,Elizabeth Horsley,MARRAWEENEY,VIC,Victoria,3669,Australia,Australia,1/25/1989
15569,Female,Chelsea Weekes,COLAC,VIC,Victoria,3250,Australia,Australia,09-08-1983
15718,Female,Natalie Tennant,DAKENBA,QLD,Queensland,4715,Australia,Australia,2/20/1957
16193,Female,Isabelle Beggs,ALTONA,SA,South Australia,5351,Australia,Australia,05-10-1964
16282,Female,Evie Kirkhope,REIDS FLAT,NSW,New South Wales,2586,Australia,Australia,05-11-2000
16716,Female,Abby Frater,KAYUGA,NSW,New South Wales,2333,Australia,Australia,12/16/1987
17412,Male,Mitchell Kwok,VICTORIA PARK,WA,Western Australia,6100,Australia,Australia,8/31/1969
17811,Female,Alicia Hoy,WATTLE GLEN,VIC,Victoria,3096,Australia,Australia,10/15/1985
18067,Male,Rory Koerstz,MOUNT MCKENZIE,SA,South Australia,5353,Australia,Australia,10/26/1941
18263,Male,Callum Semmens,RURAL VIEW,QLD,Queensland,4740,Australia,Australia,06-01-1978
18309,Male,Michael Vogt,FYANS CREEK,VIC,Victoria,3381,Australia,Australia,01-07-1992
18470,Male,Zac Pryor,GOSFORD,NSW,New South Wales,2250,Australia,Australia,03-12-1969
18493,Male,George Kevin,TASCOTT,NSW,New South Wales,2250,Australia,Australia,9/27/1994
18714,Male,Ashton Aitken,PINWERNYING,WA,Western Australia,6317,Australia,Australia,8/13/1972
18887,Female,Zara Castleton,BOOROLITE,VIC,Victoria,3723,Australia,Australia,11/25/1978
19082,Male,Matthew Denman,RANSOME,QLD,Queensland,4154,Australia,Australia,04-06-1939
19207,Male,Luke Casimaty,KURRACA,VIC,Victoria,3518,Australia,Australia,1/19/1991
19404,Male,Cody O'Hea,WYNNUM,QLD,Queensland,4178,Australia,Australia,06-10-1997
19534,Female,Leah Martin,TOOBORAC,VIC,Victoria,3522,Australia,Australia,12/13/1964
19579,Female,Ava Reye,BARCALDINE,QLD,Queensland,4725,Australia,Australia,10/16/1949
19726,Female,Victoria Daly,WATANOBBI,NSW,New South Wales,2259,Australia,Australia,1/28/1973
19732,Female,Olivia Moresby,WAPPILKA,SA,South Australia,5332,Australia,Australia,8/31/1981
19753,Female,Alyssa Solander,HOWTH,TAS,Tasmania,7316,Australia,Australia,10/21/1995
19916,Male,Hunter Samuel,LITTLE PLAIN,NSW,New South Wales,2360,Australia,Australia,5/13/1991
20069,Male,Jesse Parry-Okeden,GWINDINUP,WA,Western Australia,6237,Australia,Australia,11/24/1980
20092,Female,Victoria Fitzsimmons,CAMBRIDGE GARDENS,NSW,New South Wales,2747,Australia,Australia,05-03-1947
20237,Male,Riley Montefiore,WILLIAMSTOWN,VIC,Victoria,3016,Australia,Australia,7/14/1986
20623,Female,Eva Rendall,CARLYLE,VIC,Victoria,3685,Australia,Australia,03-11-1994
20802,Male,Ben Whitworth,POLDA,SA,South Australia,5670,Australia,Australia,07-07-1945
20946,Female,Taylah Walstab,WINTHROP,WA,Western Australia,6150,Australia,Australia,11-04-1999
21203,Male,Tristan Dobie,CHARTWELL,VIC,Victoria,3030,Australia,Australia,2/18/1960
21387,Male,Christian Hughes,CREMORNE,NSW,New South Wales,2090,Australia,Australia,1/26/1970
21424,Male,Justin Tickell,HEYTESBURY LOWER,VIC,Victoria,3268,Australia,Australia,7/29/1940
21460,Female,Kayla De Beuzeville,GLENLYNN,WA,Western Australia,6256,Australia,Australia,11-01-1957
21523,Male,Jayden Rennie,SWANHAVEN,NSW,New South Wales,2540,Australia,Australia,12-06-1969
21575,Male,Zac Chumleigh,CRAIGIE,WA,Western Australia,6025,Australia,Australia,12/29/1991
21654,Female,Amber Monger,PARLIAMENT HOUSE,SA,South Australia,5000,Australia,Australia,02-03-1950
21819,Female,Matilda Blacklock,Cleveland,TAS,Tasmania,7211,Australia,Australia,6/18/2000
21870,Female,Summer Gramp,BELTANA,SA,South Australia,5730,Australia,Australia,11/23/1991
22158,Male,Will Parer,CHURCH POINT,NSW,New South Wales,2105,Australia,Australia,12-10-1996
22384,Male,Jaxon Cox,PEARCE,ACT,Australian Capital Territory,2607,Australia,Australia,1/24/1951
22540,Male,Connor Ruwolt,BANDYA,WA,Western Australia,6440,Australia,Australia,06-12-1989
22775,Male,Flynn Campion,NEEDLES,TAS,Tasmania,7304,Australia,Australia,8/27/1958
22826,Male,Edward Putilin,ASHFIELD,QLD,Queensland,4670,Australia,Australia,9/25/1976
23128,Male,Zane Sinclaire,SUMMERLANDS,VIC,Victoria,3922,Australia,Australia,01-02-2000
23203,Female,Gemma Philipp,MADORA BAY,WA,Western Australia,6210,Australia,Australia,08-11-1998
23267,Female,Gabrielle Zinnbauer,FLINDERS VIEW,QLD,Queensland,4305,Australia,Australia,4/18/1954
23320,Female,Samantha Weigel,WITTENOOM,WA,Western Australia,6751,Australia,Australia,4/15/1960
23431,Female,Grace Scarf,SHEEP HILLS,VIC,Victoria,3392,Australia,Australia,10/27/1970
23599,Female,Maddison Blanc,FORRESTERS BEACH,NSW,New South Wales,2260,Australia,Australia,10-12-1989
23854,Male,Ali Wroblewski,MURRAWOMBIE,NSW,New South Wales,2825,Australia,Australia,01-02-1943
24069,Male,Edward Carron,ULMARRA,NSW,New South Wales,2462,Australia,Australia,5/20/1985
24230,Female,Zoe Dadswell,DAVOREN PARK SOUTH,SA,South Australia,5113,Australia,Australia,10/26/1979
24575,Female,Stella O'Mahony,PLACID HILLS,QLD,Queensland,4343,Australia,Australia,06-07-2000
24920,Female,Natalie Robey,CORNY POINT,SA,South Australia,5575,Australia,Australia,4/17/1938
25308,Female,Angelina Kates,WEST WIANGAREE,NSW,New South Wales,2474,Australia,Australia,03-12-1987
25771,Female,Mikayla Shenton,BOOLCARROLL,NSW,New South Wales,2388,Australia,Australia,7/26/1959
25864,Male,Zane Corkill,SHIRLEY,VIC,Victoria,3373,Australia,Australia,05-05-1995
25935,Male,Charlie D'Arcy,BURNT YARDS,NSW,New South Wales,2792,Australia,Australia,1/13/1975
26458,Male,George Creer,Westbury,VIC,Victoria,3825,Australia,Australia,4/28/1979
26477,Male,Caleb Willshire,MORISSET,NSW,New South Wales,2264,Australia,Australia,11-05-1959
26642,Male,Noah Moloney,ELIZABETH BEACH,NSW,New South Wales,2428,Australia,Australia,9/30/1978
26728,Female,Gemma Allan,MARRICKVILLE SOUTH,NSW,New South Wales,2204,Australia,Australia,1/18/1979
26906,Male,Xavier McPhee,CLEMTON PARK,NSW,New South Wales,2206,Australia,Australia,6/16/1974
26914,Female,Amelia England,MOUNT COTTRELL,VIC,Victoria,3024,Australia,Australia,10-10-1940
26970,Female,Rose Frater,BENDIGO SOUTH,VIC,Victoria,3550,Australia,Australia,11-12-1990
27125,Female,Ashley Hornung,ARNO BAY,SA,South Australia,5603,Australia,Australia,3/16/1976
27210,Male,Liam Osborn,MOOTAI,NSW,New South Wales,2325,Australia,Australia,07-02-1973
27356,Male,Hamish D'Hage,TURRAMURRA,NSW,New South Wales,2074,Australia,Australia,10-02-1969
27432,Female,Mikayla Favenc,CLEVE,SA,South Australia,5640,Australia,Australia,9/26/1998
27492,Female,Bianca Coombe,YAMBUK,VIC,Victoria,3285,Australia,Australia,11-04-1987
27616,Male,Cameron Tebbutt,BANNOCKBURN,VIC,Victoria,3331,Australia,Australia,5/17/1987
27896,Male,Zachary McLeish,JACUP,WA,Western Australia,6337,Australia,Australia,10/17/1973
27945,Male,Charlie Stralia,SOFALA,NSW,New South Wales,2795,Australia,Australia,5/20/1974
28076,Female,Alannah Onus,AVOCA,TAS,Tasmania,7213,Australia,Australia,01-02-1979
28559,Male,Samuel Israel,YILKI,SA,South Australia,5211,Australia,Australia,12-07-1968
28690,Male,Leo Walcott,MILLCHESTER,QLD,Queensland,4820,Australia,Australia,09-12-1987
28702,Female,Charli Lhotsky,DREWVALE,QLD,Queensland,4116,Australia,Australia,6/30/1966
29041,Male,Logan Barling,LINDENOW,VIC,Victoria,3865,Australia,Australia,11/14/1937
29278,Male,Justin Hartog,PINEVALE,QLD,Queensland,4754,Australia,Australia,09-04-1990
29303,Male,Max Cohn,KIRTON POINT,SA,South Australia,5606,Australia,Australia,05-01-1983
29320,Male,Levi Barraclough,BLACKBUTT,NSW,New South Wales,2529,Australia,Australia,10/14/1938
29475,Female,Madison Pocock,TUROSS,NSW,New South Wales,2630,Australia,Australia,07-03-1965
29555,Male,Owen Edouard,GLEN MARTIN,NSW,New South Wales,2321,Australia,Australia,07-03-1992
29593,Male,Liam Nettleton,BAKARA,SA,South Australia,5354,Australia,Australia,8/18/1995
29647,Female,Jessica Maynard,BRENDA,NSW,New South Wales,2831,Australia,Australia,5/28/1956
